{
    "name": "root",
    "gauges": {
        "Jumper.Policy.Entropy.mean": {
            "value": 0.16458359360694885,
            "min": 0.1495889127254486,
            "max": 0.692933976650238,
            "count": 120
        },
        "Jumper.Environment.EpisodeLength.mean": {
            "value": 72.16666666666667,
            "min": 36.93584905660377,
            "max": 74.48091603053435,
            "count": 120
        },
        "Jumper.Policy.ExtrinsicValueEstimate.mean": {
            "value": 3.6514058113098145,
            "min": -0.36782464385032654,
            "max": 3.653825283050537,
            "count": 120
        },
        "Jumper.Policy.CuriosityValueEstimate.mean": {
            "value": 0.005409135948866606,
            "min": 0.005150017328560352,
            "max": 0.16154083609580994,
            "count": 120
        },
        "Jumper.Environment.CumulativeReward.mean": {
            "value": 5.047608705534452,
            "min": 0.1193700869619025,
            "max": 5.049849635676334,
            "count": 120
        },
        "Jumper.Policy.ExtrinsicReward.mean": {
            "value": 5.047608705534452,
            "min": 0.1193700869619025,
            "max": 5.049849635676334,
            "count": 120
        },
        "Jumper.Policy.CuriosityReward.mean": {
            "value": 0.003750757318205918,
            "min": 0.0008915541307088214,
            "max": 0.047028778049102354,
            "count": 120
        },
        "Jumper.Losses.ValueLoss.mean": {
            "value": 0.4266296327114105,
            "min": 0.23810172080993652,
            "max": 0.4600187838077545,
            "count": 120
        },
        "Jumper.Losses.PolicyLoss.mean": {
            "value": 0.13901104032993317,
            "min": 0.13169290125370026,
            "max": 0.1542224884033203,
            "count": 120
        },
        "Jumper.Policy.LearningRate.mean": {
            "value": 0.0003000000142492354,
            "min": 0.00029999998514540493,
            "max": 0.0003000000142492354,
            "count": 120
        },
        "Jumper.Policy.Epsilon.mean": {
            "value": 0.20000004768371582,
            "min": 0.20000001788139343,
            "max": 0.20000004768371582,
            "count": 120
        },
        "Jumper.Policy.Beta.mean": {
            "value": 0.004999999422580004,
            "min": 0.004999999422580004,
            "max": 0.004999999888241291,
            "count": 120
        },
        "Jumper.Losses.CuriosityForwardLoss.mean": {
            "value": 0.002734077861532569,
            "min": 0.0022838169243186712,
            "max": 0.09312678128480911,
            "count": 120
        },
        "Jumper.Losses.CuriosityInverseLoss.mean": {
            "value": 0.16307097673416138,
            "min": 0.13121166825294495,
            "max": 0.6235569715499878,
            "count": 120
        },
        "Jumper.IsTraining.mean": {
            "value": 1.0,
            "min": 1.0,
            "max": 1.0,
            "count": 120
        }
    },
    "metadata": {
        "timer_format_version": "0.1.0",
        "start_time_seconds": "1606462340",
        "python_version": "3.8.1 (default, Jan  8 2020, 16:15:59) \n[Clang 4.0.1 (tags/RELEASE_401/final)]",
        "command_line_arguments": "/opt/anaconda3/envs/ml-agents/bin/mlagents-learn jumper.yml --run-id=Jumper03",
        "mlagents_version": "0.19.0",
        "mlagents_envs_version": "0.19.0",
        "communication_protocol_version": "1.0.0",
        "tensorflow_version": "2.3.1",
        "numpy_version": "1.18.5",
        "end_time_seconds": "1606464590"
    },
    "total": 2250.124395209,
    "count": 1,
    "self": 0.011163203999785765,
    "children": {
        "run_training.setup": {
            "total": 0.02148953599999981,
            "count": 1,
            "self": 0.02148953599999981
        },
        "TrainerController.start_learning": {
            "total": 2250.091742469,
            "count": 1,
            "self": 5.027702983961717,
            "children": {
                "TrainerController._reset_env": {
                    "total": 9.963423126,
                    "count": 1,
                    "self": 9.963423126
                },
                "TrainerController.advance": {
                    "total": 2234.375879832038,
                    "count": 133865,
                    "self": 1.7621564910186862,
                    "children": {
                        "env_step": {
                            "total": 2232.6137233410195,
                            "count": 133865,
                            "self": 2106.1815531310217,
                            "children": {
                                "SubprocessEnvManager._take_step": {
                                    "total": 124.24343406304465,
                                    "count": 133865,
                                    "self": 4.005822970968765,
                                    "children": {
                                        "TFPolicy.evaluate": {
                                            "total": 120.23761109207588,
                                            "count": 120548,
                                            "self": 120.23761109207588
                                        }
                                    }
                                },
                                "workers": {
                                    "total": 2.188736146952989,
                                    "count": 133865,
                                    "self": 0.0,
                                    "children": {
                                        "worker_root": {
                                            "total": 2234.3416262129945,
                                            "count": 133865,
                                            "is_parallel": true,
                                            "self": 704.4831104550351,
                                            "children": {
                                                "steps_from_proto": {
                                                    "total": 0.0009860869999993582,
                                                    "count": 1,
                                                    "is_parallel": true,
                                                    "self": 0.00045646599999926707,
                                                    "children": {
                                                        "_process_vector_observation": {
                                                            "total": 0.0005296210000000912,
                                                            "count": 4,
                                                            "is_parallel": true,
                                                            "self": 0.0005296210000000912
                                                        }
                                                    }
                                                },
                                                "UnityEnvironment.step": {
                                                    "total": 1529.8575296709594,
                                                    "count": 133865,
                                                    "is_parallel": true,
                                                    "self": 20.089678140891237,
                                                    "children": {
                                                        "UnityEnvironment._generate_step_input": {
                                                            "total": 19.979195362030318,
                                                            "count": 133865,
                                                            "is_parallel": true,
                                                            "self": 19.979195362030318
                                                        },